{"open": {"acc": 0.8034013605442177, "recall": 0.9180952380952381, "precision": 0.7467906153165117, "f1": 0.8236299279873063, "loss": 0.7275392413139343}, "closed": {"acc": 0.9143187695658092, "recall": 0.9180952380952381, "precision": 0.9112761647535449, "f1": 0.9146729922060319, "loss": 0.22780023515224457}}