{"open": {"acc": 0.8145578231292517, "recall": 0.9152380952380952, "precision": 0.7618346545866365, "f1": 0.8315203955500619, "loss": 0.5836634039878845}, "closed": {"acc": 0.9047910711855179, "recall": 0.9152380952380952, "precision": 0.8965747034519526, "f1": 0.9058102740187167, "loss": 0.25071942806243896}}