{"open": {"acc": 0.7905442176870748, "recall": 0.8975510204081633, "precision": 0.7393253390115432, "f1": 0.8107908805997666, "loss": 0.604033887386322}, "closed": {"acc": 0.9047230161970873, "recall": 0.8975510204081633, "precision": 0.9106847045831032, "f1": 0.9040701658215706, "loss": 0.24100330471992493}}