{"open": {"acc": 0.7291156462585034, "recall": 0.8997278911564626, "precision": 0.6708257252992493, "f1": 0.7685960018596002, "loss": 0.9006081819534302}, "closed": {"acc": 0.9047910711855179, "recall": 0.8997278911564626, "precision": 0.9090034364261168, "f1": 0.9043418803418802, "loss": 0.24185681343078613}}