{"open": {"acc": 0.796530612244898, "recall": 0.9148299319727892, "precision": 0.7397953570249752, "f1": 0.8180546261938073, "loss": 0.6362795829772949}, "closed": {"acc": 0.9066966108615762, "recall": 0.9148299319727892, "precision": 0.9002543847904673, "f1": 0.907483635872866, "loss": 0.23789797723293304}}