{"open": {"acc": 0.7936734693877551, "recall": 0.9104761904761904, "precision": 0.7380611006948274, "f1": 0.8152524821831029, "loss": 0.605187714099884}, "closed": {"acc": 0.9021369266367225, "recall": 0.9104761904761904, "precision": 0.895610278372591, "f1": 0.9029820537039536, "loss": 0.24878279864788055}}