{"open": {"acc": 0.7589115646258503, "recall": 0.9066666666666666, "precision": 0.6998529720646923, "f1": 0.7899478425794215, "loss": 0.8478571772575378}, "closed": {"acc": 0.9021369266367225, "recall": 0.9066666666666666, "precision": 0.8985976267529665, "f1": 0.9026141135039956, "loss": 0.2446398138999939}}