{"open": {"acc": 0.7695238095238095, "recall": 0.9069387755102041, "precision": 0.7114194236926361, "f1": 0.7973684210526316, "loss": 0.6861231327056885}, "closed": {"acc": 0.8980536273308833, "recall": 0.9069387755102041, "precision": 0.8911764705882353, "f1": 0.8989885367498314, "loss": 0.2550525665283203}}