{"open": {"acc": 0.7769387755102041, "recall": 0.9206802721088435, "precision": 0.7151009193701786, "f1": 0.804972342829953, "loss": 0.6807817816734314}, "closed": {"acc": 0.9062882809309922, "recall": 0.9206802721088435, "precision": 0.8949874355244015, "f1": 0.9076520689423916, "loss": 0.24026422202587128}}