{"open": {"acc": 0.785578231292517, "recall": 0.9089795918367347, "precision": 0.7290484504583151, "f1": 0.8091316458762261, "loss": 0.6766011714935303}, "closed": {"acc": 0.9030896964747516, "recall": 0.9089795918367347, "precision": 0.8984669176976869, "f1": 0.9036926822670094, "loss": 0.24673175811767578}}