{"open": {"acc": 0.9654421768707483, "recall": 0.9821768707482993, "precision": 0.9503686150605581, "f1": 0.9660109728355413, "loss": 0.1200784370303154}, "closed": {"acc": 0.9709405199401117, "recall": 0.9821768707482993, "precision": 0.9606121091151031, "f1": 0.9712748065926673, "loss": 0.08867651969194412}}