{"open": {"acc": 0.952312925170068, "recall": 0.9765986394557823, "precision": 0.93136110029843, "f1": 0.9534435810586438, "loss": 0.16323645412921906}, "closed": {"acc": 0.9665169456921192, "recall": 0.9765986394557823, "precision": 0.9573219525206722, "f1": 0.966864224137931, "loss": 0.10195347666740417}}