{"open": {"acc": 0.963265306122449, "recall": 0.9834013605442177, "precision": 0.9453308919696574, "f1": 0.9639903974393171, "loss": 0.1282103806734085}, "closed": {"acc": 0.9703960800326664, "recall": 0.9834013605442177, "precision": 0.9584935684922424, "f1": 0.9707877241286682, "loss": 0.09158919751644135}}