{"open": {"acc": 0.9427891156462586, "recall": 0.9669387755102041, "precision": 0.9223880597014925, "f1": 0.9441381600797076, "loss": 0.1785932183265686}, "closed": {"acc": 0.961685041513543, "recall": 0.9669387755102041, "precision": 0.956913962569005, "f1": 0.9619002503891183, "loss": 0.11258981376886368}}