{"open": {"acc": 0.9668707482993197, "recall": 0.9785034013605443, "precision": 0.9562558170456056, "f1": 0.9672516979355794, "loss": 0.10807783901691437}, "closed": {"acc": 0.9711446849054036, "recall": 0.9785034013605443, "precision": 0.9643336015017431, "f1": 0.971366828741221, "loss": 0.08669693768024445}}