{"open": {"acc": 0.9653741496598639, "recall": 0.977687074829932, "precision": 0.9541893506838401, "f1": 0.9657953094550098, "loss": 0.10770919919013977}, "closed": {"acc": 0.9697155301483599, "recall": 0.977687074829932, "precision": 0.9623677514396679, "f1": 0.9699669298778432, "loss": 0.0874846875667572}}