{"open": {"acc": 0.9643537414965987, "recall": 0.9736054421768707, "precision": 0.9559177130643869, "f1": 0.9646805068751685, "loss": 0.10729172825813293}, "closed": {"acc": 0.9683544303797469, "recall": 0.9736054421768707, "precision": 0.9635115120506261, "f1": 0.9685321783853286, "loss": 0.08900503814220428}}