{"open": {"acc": 0.9651700680272108, "recall": 0.9785034013605443, "precision": 0.9530877285979327, "f1": 0.9656283566058003, "loss": 0.10996122658252716}, "closed": {"acc": 0.9697835851367905, "recall": 0.9785034013605443, "precision": 0.9617544798074351, "f1": 0.9700566495818721, "loss": 0.0863976925611496}}