{"open": {"acc": 0.9667346938775511, "recall": 0.976326530612245, "precision": 0.9579495394473369, "f1": 0.9670507378209016, "loss": 0.10399728268384933}, "closed": {"acc": 0.9693072002177759, "recall": 0.976326530612245, "precision": 0.9628337582181672, "f1": 0.9695332027291765, "loss": 0.08859866857528687}}