{"open": {"acc": 0.942108843537415, "recall": 0.9729251700680273, "precision": 0.9164423939510444, "f1": 0.9438395037286347, "loss": 0.18409040570259094}, "closed": {"acc": 0.9619572614672656, "recall": 0.9729251700680273, "precision": 0.9520702968978831, "f1": 0.9623847654935738, "loss": 0.1114177256822586}}