{"open": {"acc": 0.7003401360544218, "recall": 0.9493877551020408, "precision": 0.6337299064571792, "f1": 0.7600893197538261, "loss": 1.4342137575149536}, "closed": {"acc": 0.936640805771063, "recall": 0.9493877551020408, "precision": 0.9258325593737561, "f1": 0.9374622153556794, "loss": 0.16765908896923065}}