{"open": {"acc": 0.658639455782313, "recall": 0.9497959183673469, "precision": 0.6002579535683576, "f1": 0.7356164383561643, "loss": 1.904073715209961}, "closed": {"acc": 0.9410643800190553, "recall": 0.9497959183673469, "precision": 0.9335383792457876, "f1": 0.9415969786889667, "loss": 0.16108186542987823}}