{"open": {"acc": 0.6600680272108843, "recall": 0.946530612244898, "precision": 0.6017645532393392, "f1": 0.7357622547723547, "loss": 2.110980749130249}, "closed": {"acc": 0.939567170273581, "recall": 0.946530612244898, "precision": 0.9335748792270532, "f1": 0.940008107012566, "loss": 0.15877394378185272}}