{"open": {"acc": 0.6901360544217687, "recall": 0.9463945578231292, "precision": 0.6257083745614824, "f1": 0.7533438024584395, "loss": 1.6130958795547485}, "closed": {"acc": 0.9388185654008439, "recall": 0.9463945578231292, "precision": 0.9323147031229058, "f1": 0.9393018702315846, "loss": 0.15961940586566925}}