{"open": {"acc": 0.6996598639455782, "recall": 0.9450340136054421, "precision": 0.6339326457972073, "f1": 0.7588354181460645, "loss": 1.5593266487121582}, "closed": {"acc": 0.9382741254933986, "recall": 0.9450340136054421, "precision": 0.9324741576050477, "f1": 0.9387120751402122, "loss": 0.16706690192222595}}