{"open": {"acc": 0.6803401360544218, "recall": 0.9541496598639456, "precision": 0.6165274725274725, "f1": 0.7490520694259013, "loss": 1.5509734153747559}, "closed": {"acc": 0.9367088607594937, "recall": 0.9541496598639456, "precision": 0.9220352353405207, "f1": 0.9378175982883123, "loss": 0.1714688241481781}}