{"open": {"acc": 0.6707482993197279, "recall": 0.9458503401360544, "precision": 0.610145690714411, "f1": 0.7417840375586855, "loss": 1.7024513483047485}, "closed": {"acc": 0.9346672111065741, "recall": 0.9458503401360544, "precision": 0.9252062816076657, "f1": 0.9354144241119484, "loss": 0.1720617264509201}}