{"open": {"acc": 0.6727891156462585, "recall": 0.9499319727891157, "precision": 0.6111694677871149, "f1": 0.7437946095664217, "loss": 1.960516095161438}, "closed": {"acc": 0.9397032802504424, "recall": 0.9499319727891157, "precision": 0.9309333333333333, "f1": 0.9403367003367004, "loss": 0.16076432168483734}}