{"open": {"acc": 0.6778231292517006, "recall": 0.9461224489795919, "precision": 0.6157251638037896, "f1": 0.7459772580991203, "loss": 2.1705167293548584}, "closed": {"acc": 0.9404518851231796, "recall": 0.9461224489795919, "precision": 0.935557648325037, "f1": 0.9408103903131977, "loss": 0.16592101752758026}}