{"open": {"acc": 0.6742857142857143, "recall": 0.9481632653061225, "precision": 0.6126054852320675, "f1": 0.7443127202819609, "loss": 1.526958703994751}, "closed": {"acc": 0.9362324758404791, "recall": 0.9481632653061225, "precision": 0.9261129568106312, "f1": 0.9370084033613445, "loss": 0.1672838032245636}}