{"open": {"acc": 0.616938775510204, "recall": 0.9421768707482994, "precision": 0.5708515373835628, "f1": 0.710949129921462, "loss": 10.507561683654785}, "closed": {"acc": 0.9501837484687627, "recall": 0.9421768707482994, "precision": 0.957549778761062, "f1": 0.949801124674256, "loss": 0.12747777998447418}}