{"open": {"acc": 0.6192517006802721, "recall": 0.9386394557823129, "precision": 0.5727687837276878, "f1": 0.711420469193091, "loss": 8.072500228881836}, "closed": {"acc": 0.9439907445215734, "recall": 0.9386394557823129, "precision": 0.9488378489891349, "f1": 0.9437111004719241, "loss": 0.14635922014713287}}