{"open": {"acc": 0.6261904761904762, "recall": 0.9476190476190476, "precision": 0.5768115942028985, "f1": 0.7171171171171171, "loss": 10.014464378356934}, "closed": {"acc": 0.9516809582142371, "recall": 0.9476190476190476, "precision": 0.9554183813443072, "f1": 0.951502732240437, "loss": 0.12397870421409607}}