{"open": {"acc": 0.6119727891156462, "recall": 0.9372789115646258, "precision": 0.5678371249587867, "f1": 0.707216918180885, "loss": 10.129493713378906}, "closed": {"acc": 0.9430379746835443, "recall": 0.9372789115646258, "precision": 0.9482450103234686, "f1": 0.9427300718439959, "loss": 0.14356538653373718}}