{"open": {"acc": 0.6165306122448979, "recall": 0.9484353741496598, "precision": 0.5700384332324802, "f1": 0.7120894836304204, "loss": 12.23060131072998}, "closed": {"acc": 0.9496393085613175, "recall": 0.9484353741496598, "precision": 0.9507637752318603, "f1": 0.9495981473913635, "loss": 0.1316201388835907}}