{"open": {"acc": 0.6235374149659864, "recall": 0.9435374149659864, "precision": 0.5753276920524307, "f1": 0.7148010719439291, "loss": 6.971580982208252}, "closed": {"acc": 0.9415407649380699, "recall": 0.9435374149659864, "precision": 0.9398292451551701, "f1": 0.9416796795437572, "loss": 0.14952272176742554}}