{"open": {"acc": 0.6190476190476191, "recall": 0.9454421768707483, "precision": 0.5720283174185051, "f1": 0.7127910554928711, "loss": 12.863663673400879}, "closed": {"acc": 0.947393493943106, "recall": 0.9454421768707483, "precision": 0.9491872694987024, "f1": 0.9473110217435757, "loss": 0.13242927193641663}}