{"open": {"acc": 0.6252380952380953, "recall": 0.9500680272108843, "precision": 0.5759175257731959, "f1": 0.7171245186136072, "loss": 10.591045379638672}, "closed": {"acc": 0.9470532190009527, "recall": 0.9500680272108843, "precision": 0.9444143900459833, "f1": 0.9472327726532827, "loss": 0.13751636445522308}}