{"open": {"acc": 0.6166666666666667, "recall": 0.9394557823129251, "precision": 0.5708970649028524, "f1": 0.7102082797634353, "loss": 11.316001892089844}, "closed": {"acc": 0.9438546345447121, "recall": 0.9394557823129251, "precision": 0.9478380233356212, "f1": 0.9436282883498464, "loss": 0.15045003592967987}}