{"open": {"acc": 0.6287755102040816, "recall": 0.9391836734693878, "precision": 0.5794510198942332, "f1": 0.7167107927114157, "loss": 6.023018836975098}, "closed": {"acc": 0.9416088199265006, "recall": 0.9391836734693878, "precision": 0.9438063986874488, "f1": 0.9414893617021277, "loss": 0.1477232128381729}}