{"open": {"acc": 0.912108843537415, "recall": 0.9568707482993197, "precision": 0.8782467532467533, "f1": 0.9158744628206797, "loss": 0.26097485423088074}, "closed": {"acc": 0.9393630053082891, "recall": 0.9568707482993197, "precision": 0.924543183909557, "f1": 0.940429230460654, "loss": 0.16328872740268707}}