{"open": {"acc": 0.9141496598639456, "recall": 0.9540136054421768, "precision": 0.8835685483870968, "f1": 0.9174407954991495, "loss": 0.27210792899131775}, "closed": {"acc": 0.9465087790935075, "recall": 0.9540136054421768, "precision": 0.9399463806970509, "f1": 0.9469277515192437, "loss": 0.1426977515220642}}