{"open": {"acc": 0.944625850340136, "recall": 0.9527891156462585, "precision": 0.9374832663989291, "f1": 0.9450742240215925, "loss": 0.16524985432624817}, "closed": {"acc": 0.9473254389546754, "recall": 0.9527891156462585, "precision": 0.9425302826379542, "f1": 0.9476319350473612, "loss": 0.14403614401817322}}