{"open": {"acc": 0.9147619047619048, "recall": 0.9565986394557823, "precision": 0.8827369742623979, "f1": 0.918184786157362, "loss": 0.26669245958328247}, "closed": {"acc": 0.9443310194637267, "recall": 0.9565986394557823, "precision": 0.9337317397078353, "f1": 0.9450268817204301, "loss": 0.15251560509204865}}