{"open": {"acc": 0.9224489795918367, "recall": 0.9493877551020408, "precision": 0.900852052672347, "f1": 0.924483306836248, "loss": 0.23405036330223083}, "closed": {"acc": 0.9465768340819382, "recall": 0.9493877551020408, "precision": 0.9441212285211744, "f1": 0.9467471677633811, "loss": 0.1462751179933548}}