{"open": {"acc": 0.8905442176870748, "recall": 0.9461224489795919, "precision": 0.8514754499816334, "f1": 0.8963072758909584, "loss": 0.30394285917282104}, "closed": {"acc": 0.9326255614536546, "recall": 0.9461224489795919, "precision": 0.9213036565977742, "f1": 0.9335481272654049, "loss": 0.17660722136497498}}