{"open": {"acc": 0.9076190476190477, "recall": 0.9436734693877551, "precision": 0.8802030456852792, "f1": 0.910833880499015, "loss": 0.28506365418434143}, "closed": {"acc": 0.9422893698108071, "recall": 0.9436734693877551, "precision": 0.941112618724559, "f1": 0.9423913043478261, "loss": 0.16042982041835785}}