{"open": {"acc": 0.9213605442176871, "recall": 0.957687074829932, "precision": 0.8928209030948757, "f1": 0.9241171064723644, "loss": 0.25211769342422485}, "closed": {"acc": 0.9483462637811352, "recall": 0.957687074829932, "precision": 0.9401629491117938, "f1": 0.9488441059513378, "loss": 0.1461252123117447}}