{"open": {"acc": 0.9356462585034013, "recall": 0.966530612244898, "precision": 0.9103024090210149, "f1": 0.9375742378249967, "loss": 0.20277142524719238}, "closed": {"acc": 0.9467809990472301, "recall": 0.966530612244898, "precision": 0.9298429319371728, "f1": 0.9478318879252836, "loss": 0.14983178675174713}}