{"open": {"acc": 0.9187074829931973, "recall": 0.9473469387755102, "precision": 0.896023677776348, "f1": 0.9209708352622181, "loss": 0.24199803173542023}, "closed": {"acc": 0.9439226895331427, "recall": 0.9473469387755102, "precision": 0.9409459459459459, "f1": 0.9441355932203389, "loss": 0.15546521544456482}}