{"open": {"acc": 0.8453061224489796, "recall": 0.939047619047619, "precision": 0.7907882676443629, "f1": 0.8585644980718994, "loss": 0.7477454543113708}, "closed": {"acc": 0.940179665169457, "recall": 0.939047619047619, "precision": 0.9412246011182327, "f1": 0.9401348498263298, "loss": 0.16116829216480255}}