{"open": {"acc": 0.8557142857142858, "recall": 0.9424489795918367, "precision": 0.8031304347826087, "f1": 0.8672300469483567, "loss": 0.5395240783691406}, "closed": {"acc": 0.9334422213148224, "recall": 0.9424489795918367, "precision": 0.9258219727345629, "f1": 0.9340614886731391, "loss": 0.1720021814107895}}