{"open": {"acc": 0.8554421768707483, "recall": 0.9314285714285714, "precision": 0.8085508444549427, "f1": 0.8656508819624453, "loss": 0.5236722230911255}, "closed": {"acc": 0.933714441268545, "recall": 0.9314285714285714, "precision": 0.9357572443958447, "f1": 0.9335878903586526, "loss": 0.16745279729366302}}