{"open": {"acc": 0.8529931972789115, "recall": 0.9359183673469388, "precision": 0.8027774536118567, "f1": 0.8642502669765689, "loss": 0.5582807660102844}, "closed": {"acc": 0.9380019055396761, "recall": 0.9359183673469388, "precision": 0.9398824976089629, "f1": 0.9378962437793987, "loss": 0.16685032844543457}}