{"open": {"acc": 0.8540816326530613, "recall": 0.9274829931972789, "precision": 0.8087554870091351, "f1": 0.8640598263514798, "loss": 0.5310243368148804}, "closed": {"acc": 0.9341908261875596, "recall": 0.9274829931972789, "precision": 0.9401461867328644, "f1": 0.9337716594753784, "loss": 0.16957692801952362}}