{"open": {"acc": 0.8424489795918367, "recall": 0.939047619047619, "precision": 0.7870011402508552, "f1": 0.8563275434243176, "loss": 0.6515246629714966}, "closed": {"acc": 0.9340547162106982, "recall": 0.939047619047619, "precision": 0.9298127441735148, "f1": 0.9344073647871116, "loss": 0.17262032628059387}}