{"open": {"acc": 0.8606802721088436, "recall": 0.9431292517006803, "precision": 0.8096239196449427, "f1": 0.8712921065862242, "loss": 0.6411402225494385}, "closed": {"acc": 0.9402477201578876, "recall": 0.9431292517006803, "precision": 0.9377705627705628, "f1": 0.9404422737756071, "loss": 0.16393223404884338}}