{"open": {"acc": 0.8637414965986394, "recall": 0.936734693877551, "precision": 0.8174047251573073, "f1": 0.8730108413111013, "loss": 0.4880131781101227}, "closed": {"acc": 0.9394310602967197, "recall": 0.936734693877551, "precision": 0.9418604651162791, "f1": 0.9392905866302865, "loss": 0.16457656025886536}}