{"open": {"acc": 0.8383673469387755, "recall": 0.9336054421768708, "precision": 0.7842285714285714, "f1": 0.8524223602484472, "loss": 0.8106457591056824}, "closed": {"acc": 0.9354158159793113, "recall": 0.9336054421768708, "precision": 0.9370476580636351, "f1": 0.9353233830845771, "loss": 0.17146821320056915}}