{"open": {"acc": 0.8601360544217687, "recall": 0.9360544217687075, "precision": 0.8126624143633357, "f1": 0.8700050581689429, "loss": 0.5218537449836731}, "closed": {"acc": 0.9348713760718661, "recall": 0.9360544217687075, "precision": 0.9338943939188272, "f1": 0.9349731602908201, "loss": 0.17011377215385437}}