{"open": {"acc": 0.7927891156462585, "recall": 0.944625850340136, "precision": 0.7245877687330411, "f1": 0.8201039451925348, "loss": 0.8756586909294128}, "closed": {"acc": 0.9382741254933986, "recall": 0.944625850340136, "precision": 0.9328227865108155, "f1": 0.9386872169269249, "loss": 0.16891562938690186}}