{"open": {"acc": 0.7993877551020409, "recall": 0.9431292517006803, "precision": 0.7325372503434429, "f1": 0.824600011895557, "loss": 0.9325743317604065}, "closed": {"acc": 0.9377977405743841, "recall": 0.9431292517006803, "precision": 0.93322563274098, "f1": 0.9381513059953985, "loss": 0.17205914855003357}}