{"open": {"acc": 0.7818367346938776, "recall": 0.9326530612244898, "precision": 0.7165255566008153, "f1": 0.8104273807412662, "loss": 0.835089385509491}, "closed": {"acc": 0.9322852865115013, "recall": 0.9326530612244898, "precision": 0.9320190346702923, "f1": 0.9323359401564094, "loss": 0.1758236289024353}}