{"open": {"acc": 0.7872108843537415, "recall": 0.9370068027210884, "precision": 0.721000837520938, "f1": 0.8149331440066264, "loss": 0.8320205807685852}, "closed": {"acc": 0.9358241459098952, "recall": 0.9370068027210884, "precision": 0.9348445771684539, "f1": 0.9359244411225113, "loss": 0.16934934258460999}}