{"open": {"acc": 0.7737414965986394, "recall": 0.9427210884353742, "precision": 0.7045962985560301, "f1": 0.806447858472998, "loss": 1.1168158054351807}, "closed": {"acc": 0.9363685858173404, "recall": 0.9427210884353742, "precision": 0.9309418245331184, "f1": 0.9367944297978774, "loss": 0.17830611765384674}}