{"open": {"acc": 0.7731972789115646, "recall": 0.9287074829931973, "precision": 0.7083852220838522, "f1": 0.8037207111739079, "loss": 0.8546480536460876}, "closed": {"acc": 0.9350755410371581, "recall": 0.9287074829931973, "precision": 0.9407386990077178, "f1": 0.9346843762837189, "loss": 0.17417067289352417}}