{"open": {"acc": 0.7749659863945578, "recall": 0.9435374149659864, "precision": 0.7056369556369556, "f1": 0.8074281057166143, "loss": 0.8499727845191956}, "closed": {"acc": 0.9367088607594937, "recall": 0.9435374149659864, "precision": 0.9308724832214765, "f1": 0.9371621621621621, "loss": 0.17175298929214478}}