{"open": {"acc": 0.7771428571428571, "recall": 0.9374149659863945, "precision": 0.7098701833917165, "f1": 0.8079268292682927, "loss": 0.8446064591407776}, "closed": {"acc": 0.9392268953314278, "recall": 0.9374149659863945, "precision": 0.9408712276389458, "f1": 0.9391399168540857, "loss": 0.1650051772594452}}