{"open": {"acc": 0.7784353741496599, "recall": 0.9395918367346939, "precision": 0.7105669307541929, "f1": 0.8091862440681937, "loss": 0.7880002856254578}, "closed": {"acc": 0.9331700013610997, "recall": 0.9395918367346939, "precision": 0.9277270284793122, "f1": 0.9336217385426524, "loss": 0.1757139414548874}}