{"open": {"acc": 0.7765986394557823, "recall": 0.9393197278911565, "precision": 0.7086840484500103, "f1": 0.807863327872689, "loss": 0.822462797164917}, "closed": {"acc": 0.9377977405743841, "recall": 0.9393197278911565, "precision": 0.9365165491047206, "f1": 0.9379160440157588, "loss": 0.1672920435667038}}