{"open": {"acc": 0.9359863945578232, "recall": 0.8985034013605442, "precision": 0.97131931166348, "f1": 0.9334935331118808, "loss": 0.16559730470180511}, "closed": {"acc": 0.8914522934531102, "recall": 0.8985034013605442, "precision": 0.8860861398094727, "f1": 0.8922515706275755, "loss": 0.27424320578575134}}