{"open": {"acc": 0.9435374149659864, "recall": 0.9095238095238095, "precision": 0.9759124087591241, "f1": 0.9415492957746479, "loss": 0.14655260741710663}, "closed": {"acc": 0.9089424254797877, "recall": 0.9095238095238095, "precision": 0.9085349279695569, "f1": 0.9090290998096273, "loss": 0.23534439504146576}}