{"open": {"acc": 0.9442176870748299, "recall": 0.905578231292517, "precision": 0.9814214096136833, "f1": 0.941975658080951, "loss": 0.14060568809509277}, "closed": {"acc": 0.9065605008847148, "recall": 0.905578231292517, "precision": 0.9074301295160191, "f1": 0.9065032345931223, "loss": 0.23985205590724945}}