{"open": {"acc": 0.9527891156462585, "recall": 0.9285714285714286, "precision": 0.9758364312267658, "f1": 0.9516174010039041, "loss": 0.1316116750240326}, "closed": {"acc": 0.9054716210698244, "recall": 0.9285714285714286, "precision": 0.8876316816230979, "f1": 0.9076401356473169, "loss": 0.24663124978542328}}