{"open": {"acc": 0.9451700680272109, "recall": 0.9100680272108843, "precision": 0.9787825577992391, "f1": 0.9431754089114495, "loss": 0.14596529304981232}, "closed": {"acc": 0.9001633319722335, "recall": 0.9100680272108843, "precision": 0.8924616410940627, "f1": 0.9011788480970023, "loss": 0.2562575042247772}}