{"open": {"acc": 0.9468027210884353, "recall": 0.9119727891156463, "precision": 0.980257385200351, "f1": 0.9448829997180717, "loss": 0.1427103579044342}, "closed": {"acc": 0.9092146454335103, "recall": 0.9119727891156463, "precision": 0.9070365358592692, "f1": 0.9094979647218453, "loss": 0.23924928903579712}}