{"open": {"acc": 0.9512925170068027, "recall": 0.9247619047619048, "precision": 0.976580459770115, "f1": 0.9499650593990216, "loss": 0.1354895681142807}, "closed": {"acc": 0.9023410916020145, "recall": 0.9247619047619048, "precision": 0.8851412944393802, "f1": 0.9045179319981369, "loss": 0.257607102394104}}