{"open": {"acc": 0.9443537414965987, "recall": 0.9119727891156463, "precision": 0.9751236543497236, "f1": 0.9424915635545557, "loss": 0.14303922653198242}, "closed": {"acc": 0.9039063563359194, "recall": 0.9119727891156463, "precision": 0.8975629351901446, "f1": 0.9047104872452424, "loss": 0.24434085190296173}}