{"open": {"acc": 0.9480272108843537, "recall": 0.9193197278911565, "precision": 0.9753175519630485, "f1": 0.9464911051968061, "loss": 0.13947410881519318}, "closed": {"acc": 0.9060160609772696, "recall": 0.9193197278911565, "precision": 0.895559973492379, "f1": 0.907284323598523, "loss": 0.2516675889492035}}