{"open": {"acc": 0.9525170068027211, "recall": 0.9240816326530612, "precision": 0.979803808424697, "f1": 0.951127293096205, "loss": 0.1256038397550583}, "closed": {"acc": 0.908670205526065, "recall": 0.9240816326530612, "precision": 0.8965153115100317, "f1": 0.9100897762293984, "loss": 0.2341659516096115}}