{"open": {"acc": 0.9830612244897959, "recall": 0.9761904761904762, "precision": 0.9897916954062629, "f1": 0.9829440372628262, "loss": 0.04751592129468918}, "closed": {"acc": 0.9674697155301484, "recall": 0.9761904761904762, "precision": 0.9594811446910939, "f1": 0.9677636903156192, "loss": 0.09575674682855606}}