{"open": {"acc": 0.9828571428571429, "recall": 0.97578231292517, "precision": 0.9897874689483853, "f1": 0.9827349958892848, "loss": 0.04804074019193649}, "closed": {"acc": 0.9687627603103307, "recall": 0.97578231292517, "precision": 0.9622970615859385, "f1": 0.9689927717354591, "loss": 0.09379787743091583}}