{"open": {"acc": 0.9828571428571429, "recall": 0.9740136054421769, "precision": 0.9915512465373961, "f1": 0.9827041866849692, "loss": 0.04679698497056961}, "closed": {"acc": 0.9691710902409146, "recall": 0.9740136054421769, "precision": 0.9646947850693977, "f1": 0.969331798794936, "loss": 0.08837785571813583}}