{"open": {"acc": 0.9812244897959184, "recall": 0.9692517006802721, "precision": 0.9930303875104545, "f1": 0.9809969705315341, "loss": 0.04942401498556137}, "closed": {"acc": 0.9693072002177759, "recall": 0.9692517006802721, "precision": 0.9693835896040277, "f1": 0.9693176406558269, "loss": 0.08496041595935822}}