{"open": {"acc": 0.9849659863945578, "recall": 0.9808163265306122, "precision": 0.9890245575524763, "f1": 0.9849033403921033, "loss": 0.04537130147218704}, "closed": {"acc": 0.9681502654144549, "recall": 0.9808163265306122, "precision": 0.9566082802547771, "f1": 0.9685610640870617, "loss": 0.09419059008359909}}