{"open": {"acc": 0.9812244897959184, "recall": 0.9685714285714285, "precision": 0.9937185929648241, "f1": 0.9809838776353864, "loss": 0.05185343697667122}, "closed": {"acc": 0.9701238600789438, "recall": 0.9685714285714285, "precision": 0.9716118465947864, "f1": 0.9700892552974041, "loss": 0.08517030626535416}}