{"open": {"acc": 0.9839455782312925, "recall": 0.976326530612245, "precision": 0.9914340978170766, "f1": 0.9838223197148341, "loss": 0.04511567950248718}, "closed": {"acc": 0.9692391452293453, "recall": 0.976326530612245, "precision": 0.9627045881405957, "f1": 0.9694677114293435, "loss": 0.0973857194185257}}