{"open": {"acc": 0.9807482993197278, "recall": 0.9678911564625851, "precision": 0.9934366708560257, "f1": 0.9804975535800428, "loss": 0.0515497662127018}, "closed": {"acc": 0.9699196951136518, "recall": 0.9678911564625851, "precision": 0.9718579234972677, "f1": 0.9698704839809135, "loss": 0.08581341803073883}}