{"open": {"acc": 0.9818367346938776, "recall": 0.9714285714285714, "precision": 0.992080033347228, "f1": 0.9816457001443597, "loss": 0.046804044395685196}, "closed": {"acc": 0.969103035252484, "recall": 0.9714285714285714, "precision": 0.9669555796316359, "f1": 0.969186914619248, "loss": 0.08353156596422195}}