{"open": {"acc": 0.9802721088435374, "recall": 0.9677551020408163, "precision": 0.9926039631593636, "f1": 0.9800220446403968, "loss": 0.04938862472772598}, "closed": {"acc": 0.9682863753913162, "recall": 0.9677551020408163, "precision": 0.9688095886679379, "f1": 0.9682820582630002, "loss": 0.08585525304079056}}