{"open": {"acc": 0.9594557823129252, "recall": 0.9274829931972789, "precision": 0.990843023255814, "f1": 0.9581166549543219, "loss": 0.13571813702583313}, "closed": {"acc": 0.8924564796905222, "recall": 0.9274829931972789, "precision": 0.8572686116700201, "f1": 0.8909946412233696, "loss": 0.2902158796787262}}