{"open": {"acc": 0.9656462585034014, "recall": 0.9412244897959183, "precision": 0.9895580031469031, "f1": 0.9647862771075936, "loss": 0.12483744323253632}, "closed": {"acc": 0.8950354609929078, "recall": 0.9412244897959183, "precision": 0.8526004436775942, "f1": 0.8947232281427833, "loss": 0.2883932590484619}}