{"open": {"acc": 0.9611564625850341, "recall": 0.9310204081632653, "precision": 0.9907340379325322, "f1": 0.9599494984919688, "loss": 0.13333941996097565}, "closed": {"acc": 0.8912314635718891, "recall": 0.9310204081632653, "precision": 0.8529228468154058, "f1": 0.890262147921681, "loss": 0.29213008284568787}}