{"open": {"acc": 0.9611564625850341, "recall": 0.9302040816326531, "precision": 0.9915881073241479, "f1": 0.95991575991576, "loss": 0.1366729736328125}, "closed": {"acc": 0.8926499032882012, "recall": 0.9302040816326531, "precision": 0.8558017273751408, "f1": 0.8914531586152944, "loss": 0.28943127393722534}}