{"open": {"acc": 0.9556462585034013, "recall": 0.9197278911564626, "precision": 0.99091175608326, "f1": 0.9539937905729607, "loss": 0.14992158114910126}, "closed": {"acc": 0.8909090909090909, "recall": 0.9197278911564626, "precision": 0.8598321037903841, "f1": 0.8887720220878255, "loss": 0.2910962700843811}}