{"open": {"acc": 0.959047619047619, "recall": 0.9273469387755102, "precision": 0.990122022080186, "f1": 0.9577068989742868, "loss": 0.13603238761425018}, "closed": {"acc": 0.8880722114764668, "recall": 0.9273469387755102, "precision": 0.8500873035669743, "f1": 0.8870380010411244, "loss": 0.29333946108818054}}