{"open": {"acc": 0.9614965986394558, "recall": 0.9310204081632653, "precision": 0.9914517531150391, "f1": 0.9602862756104406, "loss": 0.13613606989383698}, "closed": {"acc": 0.8934235976789169, "recall": 0.9310204081632653, "precision": 0.856552760045062, "f1": 0.8922354781928418, "loss": 0.2855335772037506}}