{"open": {"acc": 0.9617687074829931, "recall": 0.9312925170068027, "precision": 0.9917415241958852, "f1": 0.9605669379736178, "loss": 0.13390372693538666}, "closed": {"acc": 0.8920051579626048, "recall": 0.9312925170068027, "precision": 0.8540237055520898, "f1": 0.8909860071591278, "loss": 0.2878820598125458}}