{"open": {"acc": 0.9636054421768707, "recall": 0.935374149659864, "precision": 0.9913482335976929, "f1": 0.9625481274063703, "loss": 0.12777769565582275}, "closed": {"acc": 0.8905867182462928, "recall": 0.935374149659864, "precision": 0.8490799061380758, "f1": 0.8901404803521719, "loss": 0.2917838394641876}}