{"open": {"acc": 0.9602721088435374, "recall": 0.9289795918367347, "precision": 0.9910014513788099, "f1": 0.9589887640449438, "loss": 0.13445208966732025}, "closed": {"acc": 0.8927143778207608, "recall": 0.9289795918367347, "precision": 0.8567126725219574, "f1": 0.8913838120104439, "loss": 0.2891260087490082}}