r2_cutoff,Task,Error Rate
0.0,vs Weak,0.0178
0.0,vs Non-binder,0.0016
0.1,vs Weak,0.01671957671957672
0.1,vs Non-binder,0.0016931216931216932
0.2,vs Weak,0.014925373134328358
0.2,vs Non-binder,0.001990049751243781
0.30000000000000004,vs Weak,0.01836210062431142
0.30000000000000004,vs Non-binder,0.0029379360998898272
0.4,vs Weak,0.01791044776119403
0.4,vs Non-binder,0.00417910447761194
0.5,vs Weak,0.018779342723004695
0.5,vs Non-binder,0.009389671361502348
