r2_cutoff,Task,Error Rate
0.0,vs Weak,0.0966
0.0,vs Non-binder,0.0328
0.1,vs Weak,0.08738065587380656
0.1,vs Non-binder,0.030925695309256953
0.2,vs Weak,0.07268927078495123
0.2,vs Non-binder,0.02902926149558755
0.30000000000000004,vs Weak,0.06727755003617072
0.30000000000000004,vs Non-binder,0.02845430431637328
0.4,vs Weak,0.06635651322233105
0.4,vs Non-binder,0.028158667972575907
0.5,vs Weak,0.0757847533632287
0.5,vs Non-binder,0.02466367713004484
