,task,w_#pos,w_#neg,w_avg_pos,w_avg_neg,w_skewness_pos,w_skewness_neg
0,HIGH_VS_95LOW__HR2P__auto__0__42,5,5,0.8149393192492426,-1.7090372562408447,-0.40495719021367693,0.3038721339613758
1,HIGH_VS_LOOSER__HR2P__auto__0__42,5,5,1.1501075740903617,-1.4313922584056855,-1.2255815763248334,1.3268118036061813
