task_type	ag_pos	ag_neg	seed_id	split_id	r	p	r2	r_pos	r_pos2	p_pos
high_vs_95low	1H0DE1	auto	0	42	-0.9704784922499072	0.0	0.9418285039196532	-0.7902191437288963	0.6244462951156301	0.0
high_vs_95low	1OB1E1	auto	0	42	-0.9783050111455893	0.0	0.9570806948325716	-0.6888862152271165	0.47456421752994105	0.0
high_vs_95low	1WEJE1	auto	0	42	-0.9329911989303705	0.0	0.8704725772815303	-0.9163105253666328	0.8396249788976746	0.0
high_vs_looser	1H0DE1	auto	0	42	-0.979279965724928	0.0	0.9589892512702163	-0.9542894975571816	0.9106684451479381	0.0
high_vs_looser	1OB1E1	auto	0	42	-0.9424818186982031	0.0	0.8882719785766726	-0.9018818214523912	0.8133908198662827	0.0
high_vs_looser	1WEJE1	auto	0	42	-0.9615245689695138	0.0	0.9245294967320092	-0.8882726590655865	0.7890283168434477	0.0
