r2_cutoff,Task,Error Rate
-0.4,vs Weak,0.1498
-0.4,vs Non-binder,0.017
-0.2,vs Weak,0.1498
-0.2,vs Non-binder,0.017
0.0,vs Weak,0.1498
0.0,vs Non-binder,0.017
0.2,vs Weak,0.15365239294710328
0.2,vs Non-binder,0.01651273439686538
0.4,vs Weak,0.15016936394429808
0.4,vs Non-binder,0.015054572826496047
0.6000000000000001,vs Weak,0.10250391236306729
0.6000000000000001,vs Non-binder,0.010954616588419406
