r2_cutoff,Task,Error Rate
-0.4,vs Weak,0.0178
-0.4,vs Non-binder,0.0016
-0.2,vs Weak,0.0178
-0.2,vs Non-binder,0.0016
0.0,vs Weak,0.0178
0.0,vs Non-binder,0.0016
0.2,vs Weak,0.014925373134328358
0.2,vs Non-binder,0.001990049751243781
0.4,vs Weak,0.01791044776119403
0.4,vs Non-binder,0.00417910447761194
