r2_cutoff,Task,Error Rate
-0.4,vs Weak,0.0926
-0.4,vs Non-binder,0.0162
-0.2,vs Weak,0.0926
-0.2,vs Non-binder,0.0162
0.0,vs Weak,0.0926
0.0,vs Non-binder,0.0162
0.2,vs Weak,0.08326947637292464
0.2,vs Non-binder,0.01583652618135377
0.4,vs Weak,0.08467983243566726
0.4,vs Non-binder,0.015858767205266307
0.6000000000000001,vs Weak,0.07744107744107744
0.6000000000000001,vs Non-binder,0.014590347923681257
