r2_cutoff,Task,Error Rate
-0.4,vs Weak,0.0966
-0.4,vs Non-binder,0.0328
-0.2,vs Weak,0.0966
-0.2,vs Non-binder,0.0328
0.0,vs Weak,0.0966
0.0,vs Non-binder,0.0328
0.2,vs Weak,0.07268927078495123
0.2,vs Non-binder,0.02902926149558755
0.4,vs Weak,0.06635651322233105
0.4,vs Non-binder,0.028158667972575907
