r2_cutoff,Task,Error Rate
-0.4,vs Weak,0.0892
-0.4,vs Non-binder,0.0076
-0.2,vs Weak,0.0892
-0.2,vs Non-binder,0.0076
0.0,vs Weak,0.0892
0.0,vs Non-binder,0.0076
0.2,vs Weak,0.08038147138964577
0.2,vs Non-binder,0.0065849227974568575
0.4,vs Weak,0.07360861759425494
0.4,vs Non-binder,0.006582884500299222
0.6000000000000001,vs Weak,0.04011461318051576
0.6000000000000001,vs Non-binder,0.008595988538681949
