r2_cutoff,Task,Error Rate
-0.4,vs Weak,0.0658
-0.4,vs Non-binder,0.0136
-0.2,vs Weak,0.0658
-0.2,vs Non-binder,0.0136
0.0,vs Weak,0.0658
0.0,vs Non-binder,0.0136
0.2,vs Weak,0.06360505166475315
0.2,vs Non-binder,0.011710677382319174
0.4,vs Weak,0.06821533923303835
0.4,vs Non-binder,0.015486725663716814
0.6000000000000001,vs Weak,0.06163886874546773
0.6000000000000001,vs Non-binder,0.021754894851341553
