r2_cutoff,Task,Error Rate
-0.4,vs Weak,0.0434
-0.4,vs Non-binder,0.002
-0.2,vs Weak,0.0434
-0.2,vs Non-binder,0.002
0.0,vs Weak,0.0434
0.0,vs Non-binder,0.002
0.2,vs Weak,0.030978381992422553
0.2,vs Non-binder,0.0011143302874972142
0.4,vs Weak,0.029009829777031888
0.4,vs Non-binder,0.0011987532965715656
0.6000000000000001,vs Weak,0.020179372197309416
0.6000000000000001,vs Non-binder,0.0
