r2_cutoff,Task,Error Rate
-0.4,vs Weak,0.1038
-0.4,vs Non-binder,0.005
-0.2,vs Weak,0.1038
-0.2,vs Non-binder,0.005
0.0,vs Weak,0.1038
0.0,vs Non-binder,0.005
0.2,vs Weak,0.09455958549222798
0.2,vs Non-binder,0.0038860103626943004
0.4,vs Weak,0.08850056369785794
0.4,vs Non-binder,0.004791431792559188
0.6000000000000001,vs Weak,0.09557661927330174
0.6000000000000001,vs Non-binder,0.002369668246445498
